{
    "name": "Gust",
    "vendorId": "0x616C",
    "productId": "0x0002",
    "lighting":"none",
    "matrix": {"rows":3,"cols":4
    },
    "layouts": {
        "keymap":[
            [
              {
                "a": 6
              },
              "0,2",
              {
                "a": 7
              },
              "1,2",
              {
                "x": 1
              },
              "2,2"
            ],
            [
              {
                "a": 6
              },
              "0,1",
              {
                "a": 7
              },
              "1,1",
              {
                "x": 1
              },
              "2,1"
            ],
            [
              {
                "a": 6
              },
              "0,0",
              "1,0",
              {
                "x": 1,
                "a": 7
              },
              "2,0"
            ]
          ]
    }
}
